{"mean":{"confidence_interval":{"confidence_level":0.95,"lower_bound":4700838.112727272,"upper_bound":4719273.5681818165},"point_estimate":4709884.018181818,"standard_error":4689.301579496806},"median":{"confidence_interval":{"confidence_level":0.95,"lower_bound":4697587.090909091,"upper_bound":4721890.181818182},"point_estimate":4707246.181818182,"standard_error":6296.92728857469},"median_abs_dev":{"confidence_interval":{"confidence_level":0.95,"lower_bound":34939.422716064444,"upper_bound":57627.65011326789},"point_estimate":46100.97444518021,"standard_error":5895.296953091878},"slope":null,"std_dev":{"confidence_interval":{"confidence_level":0.95,"lower_bound":39872.41748314838,"upper_bound":53884.15302348644},"point_estimate":46980.457340913905,"standard_error":3585.8475080715957}}